<?xml version="1.0" encoding="ISO-8859-1"?>
<metadata>
	<idinfo>
		<citation>
			<citeinfo>
				<origin>World Conservation Union (IUCN) and UNEP/WCMC.  2006.  2006 World Database on Protected Areas.  Cambridge, UK: IUCN and UNEP/WCMC.</origin>
				<pubdate>2006</pubdate>
				<title Sync="TRUE">WRI_ProtAreas_MMNP_alb</title>
				<geoform Sync="TRUE">vector digital data</geoform>
				<pubinfo>
					<pubplace>Cambridge, UK</pubplace>
					<publish>IUCN and UNEP/WCMC</publish>
				</pubinfo>
				<lworkcit>
					<citeinfo>
						<origin>World Resources Institute</origin>
						<origin>Kenya Central Bureau of Statistics</origin>
						<origin>International Livestock Research Institute</origin>
						<title>Nature's Benefits: An Atlas of Ecosystems and Human Well-Being in Kenya</title>
						<onlink>http://www.wri.org/biodiv/pubs_description.cfm?pid=4279 </onlink></citeinfo>
				</lworkcit>
				<ftname Sync="TRUE">WRI_ProtAreas_MMNP_alb</ftname><onlink Sync="TRUE">\\NREL-STABACH\C$\Jared\Data\Kenya\Albers\WRI\BaseLayers\WRI_ProtAreas_MMNP_alb.shp</onlink></citeinfo>
		</citation>
		<descript>
			<abstract>This dataset shows protected areas in Kenya.</abstract>
			<purpose>This data was used in maps throughout Nature's Benefits in Kenya: An Atlas of Ecosystems and Human Well-Being.</purpose>
			<langdata Sync="TRUE">en</langdata></descript>
		<timeperd>
			<timeinfo>
				<sngdate><caldate>2007</caldate></sngdate>
			</timeinfo>
			<current>publication date</current>
		</timeperd>
		<status>
			<progress>Complete</progress>
			<update>None planned</update>
		</status>
		<spdom>
			<bounding>
				<westbc Sync="TRUE">34.001590</westbc>
				<eastbc Sync="TRUE">41.563800</eastbc>
				<northbc Sync="TRUE">4.271370</northbc>
				<southbc Sync="TRUE">-4.746260</southbc>
			</bounding>
			<lboundng><leftbc Sync="TRUE">34.001590</leftbc><rightbc Sync="TRUE">41.563800</rightbc><bottombc Sync="TRUE">-4.746260</bottombc><topbc Sync="TRUE">4.271370</topbc></lboundng></spdom>
		<keywords>
			<theme>
				<themekey>parks</themekey>
				<themekey>protected areas</themekey><themekey>environment</themekey><themekey>boundaries</themekey></theme>
			<place>
				<placekt>None</placekt>
				<placekey>Kenya</placekey>
				<placekey>Africa</placekey>
			</place>
		</keywords>
		<accconst>None</accconst>
		<useconst>Data set is not for use in litigation. While efforts have been made to ensure that these data are accurate and reliable within the state of the art, WRI, cannot assume liability for any damages, or misrepresentations, caused by any inaccuracies in the data, or as a result of the data to be used on a particular system. WRI makes no warranty, expressed or implied, nor does the fact of distribution constitute such a warranty.</useconst>
		<ptcontac>
			<cntinfo>
				<cntorgp>
					<cntorg>World Resources Institute</cntorg>
				</cntorgp>
				<cntpos>GIS Lab Manager</cntpos>
				<cntaddr>
					<addrtype>mailing and physical address</addrtype>
					<address>10 G Street NE Suite 800</address>
					<city>Washington</city>
					<state>DC</state>
					<postal>20002</postal>
					<country>U.S.A</country>
				</cntaddr>
				<cntvoice>202-729-7600</cntvoice>
				<cntfax>202-729-7686</cntfax>
			</cntinfo>
		</ptcontac>
		<native Sync="TRUE">Microsoft Windows Vista Version 6.1 (Build 7600) ; ESRI ArcCatalog 9.3.0.1770</native>
		<natvform Sync="TRUE">Shapefile</natvform></idinfo>
	<dataqual>
		<posacc>
			<horizpa>
				<qhorizpa></qhorizpa>
			</horizpa>
		</posacc>
		<lineage>
			<srcinfo>
				<srccite>
					<citeinfo>
						<origin>&lt;additional citation, if needed&gt;</origin>
						<origin>&lt;additional citation, if needed&gt;</origin>
						<geoform>map</geoform>
						<pubinfo></pubinfo>
						<lworkcit>
							<citeinfo></citeinfo>
						</lworkcit>
					</citeinfo>
				</srccite>
				<srctime>
					<timeinfo>
						<sngdate></sngdate>
					</timeinfo>
				</srctime>
			</srcinfo>
			<procstep></procstep>
			<procstep>
				<procdesc></procdesc>
			</procstep>
			<procstep>
				<procdesc></procdesc>
			</procstep>
			<procstep>
				<procdesc></procdesc>
			</procstep>
			<procstep>
				<procdesc></procdesc>
			</procstep>
			<procstep>
				<procdesc></procdesc>
			</procstep>
			<procstep>
				<procdesc></procdesc>
				<srcused></srcused>
			</procstep>
			<procstep>
				<procdesc>Metadata imported.</procdesc>
				<srcused>C:\DOCUME~1\JNACKO~1\LOCALS~1\Temp\xml33.tmp</srcused>
			</procstep>
			<procstep><procdesc Sync="TRUE">Metadata imported.</procdesc><srcused Sync="TRUE">C:\DOCUME~1\jworms\LOCALS~1\Temp\xml61.tmp</srcused><date Sync="TRUE">20061208</date><time Sync="TRUE">12003100</time></procstep><procstep><procdesc Sync="TRUE">Dataset copied.</procdesc><srcused Sync="TRUE">J:\groups\BRP\Staff folders\JWorms\Metadata\national_new_people</srcused><date Sync="TRUE">20070306</date><time Sync="TRUE">11211400</time></procstep><procstep><procdesc Sync="TRUE">Metadata imported.</procdesc><srcused Sync="TRUE">C:\Documents and Settings\Florence.Landsberg\Desktop\Metadata_Oct23\Shapefiles\ke_protected-areas2.shp.xml</srcused><date Sync="TRUE">20071031</date><time Sync="TRUE">16322900</time></procstep><procstep><procdesc Sync="TRUE">Dataset copied.</procdesc><srcused Sync="TRUE">C:\Documents and Settings\Florence.Landsberg\Desktop\Metadata_Oct23\Shapefiles\ke_protected-areas</srcused><date Sync="TRUE">20071031</date><time Sync="TRUE">16332100</time></procstep><procstep><procdesc Sync="TRUE">Dataset copied.</procdesc><srcused Sync="TRUE"></srcused><procdate Sync="TRUE">20100513</procdate><proctime Sync="TRUE">16521000</proctime></procstep><procstep><procdesc Sync="TRUE">Dataset copied.</procdesc><srcused Sync="TRUE"></srcused><procdate Sync="TRUE">20100514</procdate><proctime Sync="TRUE">11233900</proctime></procstep></lineage>
	</dataqual>
	<spdoinfo>
		<direct Sync="TRUE">Vector</direct>
		<ptvctinf><esriterm Name="MMNR_Clip"><efeatyp Sync="TRUE">Simple</efeatyp><efeageom code="4" Sync="TRUE"></efeageom><esritopo Sync="TRUE">FALSE</esritopo><efeacnt Sync="TRUE">0</efeacnt><spindex Sync="TRUE">FALSE</spindex><linrefer Sync="TRUE">FALSE</linrefer></esriterm></ptvctinf></spdoinfo>
	<spref>
		<horizsys>
			<geodetic>
				<horizdn Sync="TRUE">D_WGS_1984</horizdn>
				<ellips Sync="TRUE">WGS_1984</ellips>
				<semiaxis Sync="TRUE">6378137.000000</semiaxis>
				<denflat Sync="TRUE">298.257224</denflat>
			</geodetic>
			<cordsysn><geogcsn Sync="TRUE">GCS_WGS_1984</geogcsn><projcsn Sync="TRUE">Africa_Albers_Equal_Area_Conic</projcsn></cordsysn><planar><planci><plance Sync="TRUE">coordinate pair</plance><plandu Sync="TRUE">meters</plandu><coordrep><absres Sync="TRUE">0.000000</absres><ordres Sync="TRUE">0.000000</ordres></coordrep></planci></planar></horizsys>
	</spref>
	<eainfo>
		<detailed Name="MMNR_Clip">
			<attr>
				<attrlabl>Shape</attrlabl>
				<attrdef>Feature geometry.</attrdef>
				<attrdefs>ESRI</attrdefs>
				<attrdomv>
					<udom>Coordinates defining the features.</udom>
				</attrdomv>
				<attalias Sync="TRUE">Shape</attalias><attrtype Sync="TRUE">Geometry</attrtype><attwidth Sync="TRUE">0</attwidth><atprecis Sync="TRUE">0</atprecis><attscale Sync="TRUE">0</attscale></attr>
			<attr>
				<attrlabl>FID</attrlabl>
				<attrdef>Internal feature number.</attrdef>
				<attrdefs>ESRI</attrdefs>
				<attrdomv>
					<udom>Sequential unique whole numbers that are automatically generated.</udom>
				</attrdomv>
				<attalias Sync="TRUE">FID</attalias><attrtype Sync="TRUE">OID</attrtype><attwidth Sync="TRUE">4</attwidth><atprecis Sync="TRUE">0</atprecis><attscale Sync="TRUE">0</attscale></attr>
			<attr><attrlabl Sync="TRUE">NAME</attrlabl><attalias Sync="TRUE">NAME</attalias><attrtype Sync="TRUE">String</attrtype><attwidth Sync="TRUE">20</attwidth><atprecis Sync="TRUE">0</atprecis><attscale Sync="TRUE">0</attscale></attr><enttyp>
				<enttypl Sync="TRUE">MMNR_Clip</enttypl>
				<enttypt Sync="TRUE">Feature Class</enttypt><enttypc Sync="TRUE">0</enttypc></enttyp>
			<attr><attrlabl Sync="TRUE">Area_km2</attrlabl><attalias Sync="TRUE">Area_km2</attalias><attrtype Sync="TRUE">Double</attrtype><attwidth Sync="TRUE">19</attwidth><atprecis Sync="TRUE">0</atprecis><attscale Sync="TRUE">0</attscale></attr><attr><attrlabl Sync="TRUE">Perim_km</attrlabl><attalias Sync="TRUE">Perim_km</attalias><attrtype Sync="TRUE">Double</attrtype><attwidth Sync="TRUE">19</attwidth><atprecis Sync="TRUE">0</atprecis><attscale Sync="TRUE">0</attscale></attr><attr><attrlabl Sync="TRUE">Name2</attrlabl><attalias Sync="TRUE">Name2</attalias><attrtype Sync="TRUE">String</attrtype><attwidth Sync="TRUE">50</attwidth><atprecis Sync="TRUE">0</atprecis><attscale Sync="TRUE">0</attscale></attr><attr><attrlabl Sync="TRUE">In_</attrlabl><attalias Sync="TRUE">In_</attalias><attrtype Sync="TRUE">SmallInteger</attrtype><attwidth Sync="TRUE">4</attwidth><atprecis Sync="TRUE">4</atprecis><attscale Sync="TRUE">0</attscale></attr></detailed>
		<overview></overview>
	</eainfo>
	<distinfo>
		<distrib>
			<cntinfo>
				<cntorgp>
					<cntorg>World Resources Institute</cntorg>
				</cntorgp>
				<cntaddr>
					<addrtype>mailing and physical address</addrtype>
					<address>World Resources Institute</address>
					<city>Washington</city>
					<state>DC</state>
					<postal>20002</postal>
					<country>USA</country>
				</cntaddr>
				<cntvoice>202-729-7600</cntvoice>
				<cntfax>202-729-7686</cntfax>
				<cntemail></cntemail>
			</cntinfo>
		</distrib>
		<resdesc>Downloadable Data</resdesc>
		<stdorder>
			<digform>
				<digtinfo>
					<transize>6.717</transize>
					<dssize Sync="TRUE">0.000</dssize></digtinfo>
			</digform>
		</stdorder>
	</distinfo>
	<metainfo>
		<metd Sync="TRUE">20100623</metd>
		<metc>
			<cntinfo>
				<cntorgp>
					<cntorg>World Resources Institute</cntorg>
				</cntorgp>
				<cntpos>GIS Lab Manager</cntpos>
				<cntaddr>
					<addrtype>mailing and physical address</addrtype>
					<address>10 G Street NE, Suite 800</address>
					<city>Washington</city>
					<state>DC</state>
					<postal>20002</postal>
					<country>U.S.A</country>
				</cntaddr>
				<cntvoice>202-729-7600</cntvoice>
				<cntfax>202-279-7686</cntfax>
			</cntinfo>
		</metc>
		<metstdn Sync="TRUE">FGDC Content Standards for Digital Geospatial Metadata</metstdn>
		<metstdv Sync="TRUE">FGDC-STD-001-1998</metstdv>
		<mettc Sync="TRUE">local time</mettc>
		<metextns>
			<onlink>http://www.esri.com/metadata/esriprof80.html</onlink>
			<metprof>ESRI Metadata Profile</metprof>
		</metextns>
		<metextns>
			<onlink>http://www.esri.com/metadata/esriprof80.html</onlink>
			<metprof>ESRI Metadata Profile</metprof>
		</metextns>
		<langmeta Sync="TRUE">en</langmeta></metainfo>
	<Esri><CreaDate>20200903</CreaDate><CreaTime>16540300</CreaTime><SyncOnce>FALSE</SyncOnce><SyncDate>20201216</SyncDate><SyncTime>18423000</SyncTime><ModDate>20201216</ModDate><ModTime>18423000</ModTime><DataProperties><lineage><Process Name="DefineProjection_8" ToolSource="C:\Program Files\ArcGIS\ArcToolbox\Toolboxes\Data Management Tools.tbx\DefineProjection" Date="20070522" Time="134822">DefineProjection "J:\Groups\BRP\Staff folders\JWorms\Metadata\GIS-files\national_new_people.shp" GEOGCS['GCS_WGS_1984',DATUM['D_WGS_1984',SPHEROID['WGS_1984',6378137.0,298.257223563]],PRIMEM['Greenwich',0.0],UNIT['Degree',0.0174532925199433]] "J:\Groups\BRP\Staff folders\JWorms\Metadata\GIS-files\national_new_people.shp"</Process><Process ToolSource="C:\Program Files (x86)\ArcGIS\ArcToolbox\Toolboxes\Data Management Tools.tbx\Project" Date="20100514" Time="112339">Project C:\Jared\Data\Kenya\WRI\Base_Data\ke_protected-areas\ke_protected_areas_MMNP.shp C:\Jared\Data\Kenya\Albers\WRI\ke_protected_areas_MMNP.shp PROJCS['Africa_Albers_Equal_Area_Conic',GEOGCS['GCS_WGS_1984',DATUM['D_WGS_1984',SPHEROID['WGS_1984',6378137.0,298.257223563]],PRIMEM['Greenwich',0.0],UNIT['Degree',0.0174532925199433]],PROJECTION['Albers'],PARAMETER['False_Easting',0.0],PARAMETER['False_Northing',0.0],PARAMETER['Central_Meridian',25.0],PARAMETER['Standard_Parallel_1',20.0],PARAMETER['Standard_Parallel_2',-23.0],PARAMETER['Latitude_Of_Origin',0.0],UNIT['Meter',1.0]] # GEOGCS['GCS_Assumed_Geographic_1',DATUM['D_North_American_1927',SPHEROID['Clarke_1866',6378206.4,294.9786982]],PRIMEM['Greenwich',0.0],UNIT['Degree',0.0174532925199433]]</Process><Process ToolSource="C:\Program Files (x86)\ArcGIS\ArcToolbox\Toolboxes\Analysis Tools.tbx\Erase" Date="20100514" Time="144443">Erase "WRI_Data_Layers\Protected Areas\WRI_ProtAreas_MMNP_alb" ESRI\Africa_05_Albers C:\Jared\Data\Kenya\Albers\WRI\WRI_ProtAreas_MMNP_alb2.shp #</Process><Process ToolSource="C:\Program Files (x86)\ArcGIS\ArcToolbox\Toolboxes\Analysis Tools.tbx\Erase" Date="20100623" Time="125932">Erase "WRI_Data_Layers\Protected Areas\WRI_ProtAreas_MMNP_alb" erase2 C:\Jared\Data\Kenya\Albers\WRI\BaseLayers\WRI_ProtAreas_MMNP_alb.shp #</Process><Process ToolSource="c:\program files (x86)\arcgis\desktop10.1\ArcToolbox\Toolboxes\Data Management Tools.tbx\CalculateField" Date="20130925" Time="092411">CalculateField WRI_ProtAreas_MMNP_alb Name2 "Maasai Mara National Reserve" VB #</Process><Process ToolSource="c:\program files (x86)\arcgis\desktop10.7\ArcToolbox\Toolboxes\Analysis Tools.tbx\Clip" Date="20201216" Time="184251">Clip C:\Jared\GitHub\Wildebeest_MaraChange\Data\GIS_Data\MMNR_UTM36S.shp C:\Jared\GitHub\Wildebeest_MaraChange\Data\GIS_Data\Kenya_UTM36s.shp C:\Jared\GitHub\Wildebeest_MaraChange\Data\GIS_Data\MMNR_Clip.shp #</Process></lineage><itemProps><itemName Sync="TRUE">MMNR_Clip</itemName><imsContentType Sync="TRUE">002</imsContentType><itemSize Sync="TRUE">0.000</itemSize><itemLocation><linkage Sync="TRUE">file://\\NZP--LS17263\C$\Jared\GitHub\Wildebeest_MaraChange\Data\GIS_Data\MMNR_Clip.shp</linkage><protocol Sync="TRUE">Local Area Network</protocol></itemLocation></itemProps><coordRef><type Sync="TRUE">Projected</type><geogcsn Sync="TRUE">GCS_WGS_1984</geogcsn><csUnits Sync="TRUE">Linear Unit: Meter (1.000000)</csUnits><projcsn Sync="TRUE">WGS_1984_UTM_Zone_36S</projcsn><peXml Sync="TRUE">&lt;ProjectedCoordinateSystem xsi:type='typens:ProjectedCoordinateSystem' xmlns:xsi='http://www.w3.org/2001/XMLSchema-instance' xmlns:xs='http://www.w3.org/2001/XMLSchema' xmlns:typens='http://www.esri.com/schemas/ArcGIS/10.7'&gt;&lt;WKT&gt;PROJCS[&amp;quot;WGS_1984_UTM_Zone_36S&amp;quot;,GEOGCS[&amp;quot;GCS_WGS_1984&amp;quot;,DATUM[&amp;quot;D_WGS_1984&amp;quot;,SPHEROID[&amp;quot;WGS_1984&amp;quot;,6378137.0,298.257223563]],PRIMEM[&amp;quot;Greenwich&amp;quot;,0.0],UNIT[&amp;quot;Degree&amp;quot;,0.0174532925199433]],PROJECTION[&amp;quot;Transverse_Mercator&amp;quot;],PARAMETER[&amp;quot;False_Easting&amp;quot;,500000.0],PARAMETER[&amp;quot;False_Northing&amp;quot;,10000000.0],PARAMETER[&amp;quot;Central_Meridian&amp;quot;,33.0],PARAMETER[&amp;quot;Scale_Factor&amp;quot;,0.9996],PARAMETER[&amp;quot;Latitude_Of_Origin&amp;quot;,0.0],UNIT[&amp;quot;Meter&amp;quot;,1.0],AUTHORITY[&amp;quot;EPSG&amp;quot;,32736]]&lt;/WKT&gt;&lt;XOrigin&gt;-5120900&lt;/XOrigin&gt;&lt;YOrigin&gt;1900&lt;/YOrigin&gt;&lt;XYScale&gt;450445547.3910538&lt;/XYScale&gt;&lt;ZOrigin&gt;-100000&lt;/ZOrigin&gt;&lt;ZScale&gt;10000&lt;/ZScale&gt;&lt;MOrigin&gt;-100000&lt;/MOrigin&gt;&lt;MScale&gt;10000&lt;/MScale&gt;&lt;XYTolerance&gt;0.001&lt;/XYTolerance&gt;&lt;ZTolerance&gt;0.001&lt;/ZTolerance&gt;&lt;MTolerance&gt;0.001&lt;/MTolerance&gt;&lt;HighPrecision&gt;true&lt;/HighPrecision&gt;&lt;WKID&gt;32736&lt;/WKID&gt;&lt;LatestWKID&gt;32736&lt;/LatestWKID&gt;&lt;/ProjectedCoordinateSystem&gt;</peXml></coordRef></DataProperties><ArcGISFormat>1.0</ArcGISFormat></Esri><dataIdInfo><envirDesc Sync="TRUE"> Version 6.2 (Build 9200) ; Esri ArcGIS 10.7.0.10450</envirDesc><dataLang><languageCode Sync="TRUE" value="eng"></languageCode><countryCode value="USA" Sync="TRUE"></countryCode></dataLang><idCitation><resTitle Sync="TRUE">MMNR_Clip</resTitle><presForm><PresFormCd Sync="TRUE" value="005"></PresFormCd></presForm></idCitation><spatRpType><SpatRepTypCd Sync="TRUE" value="001"></SpatRepTypCd></spatRpType><dataExt><geoEle><GeoBndBox esriExtentType="native"><westBL Sync="TRUE">34.00159</westBL><eastBL Sync="TRUE">41.5638</eastBL><northBL Sync="TRUE">4.27137</northBL><southBL Sync="TRUE">-4.74626</southBL><exTypeCode Sync="TRUE">1</exTypeCode></GeoBndBox></geoEle></dataExt><geoBox esriExtentType="decdegrees"><westBL Sync="TRUE">34.00159</westBL><eastBL Sync="TRUE">41.5638</eastBL><northBL Sync="TRUE">4.27137</northBL><southBL Sync="TRUE">-4.74626</southBL><exTypeCode Sync="TRUE">1</exTypeCode></geoBox></dataIdInfo><mdLang><languageCode Sync="TRUE" value="eng"></languageCode><countryCode value="USA" Sync="TRUE"></countryCode></mdLang><mdStanName Sync="TRUE">ISO 19115 Geographic Information - Metadata</mdStanName><mdStanVer Sync="TRUE">DIS_ESRI1.0</mdStanVer><mdChar><CharSetCd Sync="TRUE" value="006"></CharSetCd></mdChar><mdHrLv><ScopeCd Sync="TRUE" value="005"></ScopeCd></mdHrLv><mdHrLvName Sync="TRUE">dataset</mdHrLvName><distInfo><distributor><distorTran><onLineSrc><orDesc Sync="TRUE">002</orDesc><linkage Sync="TRUE">file://\\NREL-STABACH\C$\Jared\Data\Kenya\Albers\WRI\BaseLayers\WRI_ProtAreas_MMNP_alb.shp</linkage><protocol Sync="TRUE">Local Area Network</protocol></onLineSrc><transSize Sync="TRUE">0.000</transSize></distorTran><distorFormat><formatName Sync="TRUE">Shapefile</formatName></distorFormat></distributor><distFormat><formatName Sync="TRUE">Shapefile</formatName></distFormat><distTranOps><transSize Sync="TRUE">0.000</transSize></distTranOps></distInfo><refSysInfo><RefSystem><refSysID><identCode Sync="TRUE" code="32736">Africa_Albers_Equal_Area_Conic</identCode><idCodeSpace Sync="TRUE">EPSG</idCodeSpace><idVersion Sync="TRUE">2.1(3.0.1)</idVersion></refSysID></RefSystem></refSysInfo><spatRepInfo><VectSpatRep><geometObjs Name="MMNR_Clip"><geoObjTyp><GeoObjTypCd value="002" Sync="TRUE"></GeoObjTypCd></geoObjTyp><geoObjCnt Sync="TRUE">0</geoObjCnt></geometObjs><topLvl><TopoLevCd value="001" Sync="TRUE"></TopoLevCd></topLvl></VectSpatRep></spatRepInfo><mdDateSt Sync="TRUE">20201216</mdDateSt></metadata>
